7 , 505
7 , 1139
1 , 738
4 , 423
8 , 304
6 , 656
2 , 420
5 , 993
5 , 992
4 , 691
1 , 861
5 , 432
4 , 491
7 , 503
2 , 760
3 , 1115
3 , 460
7 , 966
7 , 1166
6 , 1098
7 , 678
3 , 555
3 , 602
5 , 1274
3 , 587
6 , 1223
2 , 830
8 , 480
2 , 817
8 , 1214
2 , 837
2 , 647
2 , 1036
6 , 948
3 , 806
7 , 1124
5 , 1252
8 , 1034
8 , 384
6 , 1253
4 , 726
5 , 1224
5 , 1287
2 , 681
1 , 1140
8 , 1134
3 , 677
6 , 375
2 , 495
4 , 1015
6 , 821
4 , 1238
3 , 974
1 , 1085
7 , 1033
3 , 782
1 , 1267
7 , 1120
3 , 811
3 , 1111
1 , 797
6 , 382
3 , 1126
6 , 1287
6 , 533
7 , 727
3 , 597
6 , 584
5 , 689
6 , 382
4 , 1108
5 , 935
8 , 623
8 , 733
3 , 957
5 , 1190
4 , 1189
5 , 1033
5 , 430
2 , 741
4 , 779
5 , 473
2 , 1237
3 , 401
8 , 827
8 , 1102
8 , 400
6 , 466
8 , 896
1 , 1261
7 , 1144
5 , 413
7 , 1124
7 , 1102
3 , 571
4 , 321
8 , 1116
4 , 1180
2 , 305
6 , 732
5 , 816
3 , 1224
1 , 675
3 , 1043
5 , 990
2 , 878
8 , 857
4 , 569
6 , 893
8 , 340
2 , 318
6 , 1268
3 , 908
1 , 888
6 , 481
5 , 502
2 , 907
7 , 966
7 , 516
2 , 606
4 , 766
5 , 1094
8 , 931
8 , 1057
2 , 1138
6 , 742
1 , 510
3 , 343
4 , 910
8 , 436
8 , 303
3 , 788
3 , 1116
3 , 597
2 , 568
4 , 592
7 , 844
7 , 410
8 , 1153
4 , 1052
4 , 964
3 , 1199
3 , 1256
7 , 697
7 , 873
7 , 657
2 , 876
7 , 1191
2 , 356
5 , 1078
5 , 796
7 , 711
1 , 1160
2 , 867
2 , 688
1 , 704
5 , 518
8 , 930
8 , 898
5 , 1041
4 , 566
4 , 752
3 , 301
1 , 887
2 , 536
6 , 1034
5 , 1087
2 , 776
8 , 318
5 , 1012
7 , 368
5 , 462
7 , 1072
1 , 761
3 , 824
4 , 545
7 , 658
3 , 1285
8 , 1046
5 , 716
7 , 590
7 , 719
6 , 947
8 , 377
2 , 591
6 , 723
8 , 558
2 , 1298
7 , 382
4 , 404
7 , 666
6 , 401
5 , 699
7 , 735
2 , 310
5 , 1132
5 , 1006
4 , 1030
3 , 798
8 , 671
7 , 1248
4 , 1153
7 , 736
4 , 1240
7 , 315
5 , 777
6 , 1046
3 , 758
2 , 316
6 , 1295
3 , 749
4 , 627
5 , 730
2 , 1162
1 , 516
2 , 722
5 , 384
5 , 375
2 , 1131
8 , 339
7 , 1064
5 , 880
7 , 1098
7 , 659
7 , 935
3 , 493
6 , 833
1 , 893
4 , 1229
8 , 544
2 , 692
3 , 961
6 , 946
1 , 1298
7 , 756
6 , 976
5 , 910
1 , 734
1 , 650
2 , 875
3 , 1152
1 , 1075
2 , 940
1 , 1001
2 , 827
2 , 718
8 , 615
8 , 1048
3 , 820
3 , 1092
1 , 1140
5 , 1200
3 , 1081
7 , 510
4 , 1131
2 , 1121
4 , 557
5 , 1073
2 , 968
3 , 470
4 , 423
5 , 415
7 , 672
8 , 404
5 , 614
1 , 520
3 , 721
1 , 904
3 , 1106
7 , 337
6 , 604
4 , 973
2 , 459
7 , 463
5 , 572
6 , 675
4 , 926
3 , 837
7 , 358
3 , 1190
5 , 1190
7 , 1178
8 , 882
3 , 1165
5 , 300
8 , 677
1 , 766
3 , 870
2 , 1148
6 , 1105
1 , 718
6 , 519
5 , 323
6 , 342
2 , 1051
5 , 1105
2 , 1046
4 , 957
1 , 817
3 , 720
7 , 429
7 , 474
4 , 852
1 , 873
2 , 777
3 , 525
1 , 1211
6 , 944
8 , 1206
8 , 668
2 , 1271
7 , 302
7 , 509
4 , 1050
8 , 1186
4 , 897
8 , 621
4 , 1263
2 , 1168
1 , 1278
2 , 566
5 , 597
3 , 653
7 , 765
4 , 929
2 , 920
1 , 1011
7 , 322
2 , 1286
6 , 300
1 , 596
6 , 539
2 , 372
3 , 1142
5 , 390
6 , 642
6 , 677
8 , 1187
3 , 881
1 , 993
3 , 1189
2 , 1167
2 , 587
2 , 1174
2 , 666
3 , 797
7 , 475
2 , 931
8 , 1295
3 , 544
7 , 947
3 , 447
1 , 525
3 , 758
8 , 390
8 , 373
4 , 1116
5 , 880
8 , 834
7 , 1029
5 , 332
3 , 1215
8 , 319
3 , 811
8 , 320
4 , 753
4 , 993
1 , 695
7 , 1286
6 , 729
5 , 656
8 , 355
5 , 1095
5 , 928
2 , 1094
6 , 882
4 , 939
2 , 686
4 , 343
2 , 326
1 , 304
8 , 735
2 , 1083
8 , 1268
2 , 336
6 , 497
2 , 552
5 , 1217
1 , 892
2 , 1029
4 , 906
8 , 866
7 , 1108
1 , 557
5 , 854
4 , 920
7 , 766
8 , 556
2 , 538
1 , 670
4 , 1273
8 , 1024
3 , 823
2 , 1278
5 , 1191
4 , 507
2 , 671
6 , 395
4 , 1081
1 , 683
8 , 639
4 , 546
6 , 711
7 , 1058
2 , 378
1 , 1280
4 , 347
1 , 1281
4 , 998
8 , 691
6 , 319
7 , 738
7 , 375
7 , 1221
1 , 890
2 , 844
3 , 312
7 , 739
8 , 944
7 , 1077
3 , 978
6 , 777
7 , 1114
4 , 301
1 , 422
1 , 753
6 , 642
4 , 1183
2 , 429
6 , 1277
1 , 466
2 , 654
3 , 611
2 , 1254
4 , 643
4 , 681
7 , 492
4 , 752
7 , 322
6 , 522
1 , 849
4 , 938
4 , 571
2 , 312
1 , 682
6 , 772
5 , 1163
3 , 1027
7 , 1272
2 , 1134
4 , 416
8 , 341
5 , 726
6 , 319
1 , 302
2 , 893
8 , 569
8 , 1094
5 , 756
7 , 592
8 , 448
6 , 1039
4 , 1243
3 , 1189
4 , 1151
4 , 1235
8 , 943
1 , 1280
6 , 474
8 , 818
1 , 892
8 , 1028
6 , 346
3 , 405
7 , 981
7 , 993
6 , 1167
2 , 844
3 , 551
2 , 378
8 , 1161
6 , 1074
1 , 641
3 , 1225
4 , 757
4 , 344
3 , 1206
5 , 563
1 , 1298
2 , 1107
8 , 771
5 , 512
3 , 937
5 , 800
2 , 1194
3 , 348
4 , 891
7 , 911
6 , 581
1 , 1100
3 , 632
5 , 1088
7 , 620
5 , 1195
8 , 425
7 , 650
5 , 558
4 , 938
1 , 971
3 , 789
6 , 1017
2 , 324
5 , 1011
4 , 541
1 , 1176
3 , 1031
1 , 890
8 , 450
8 , 575
6 , 882
1 , 751
5 , 1000
7 , 499
3 , 610
8 , 777
8 , 440
3 , 988
6 , 1154
8 , 452
1 , 1044
5 , 1142
4 , 888
1 , 646
4 , 995
7 , 436
6 , 378
5 , 862
4 , 302
2 , 769
1 , 636
3 , 1115
6 , 1144
8 , 1294
4 , 554
3 , 1151
7 , 827
6 , 1125
4 , 777
5 , 506
6 , 1150
8 , 750
1 , 935
5 , 359
6 , 1130
2 , 953
7 , 479
5 , 1295
1 , 623
6 , 1079
2 , 1140
7 , 1228
8 , 623
2 , 1134
1 , 1281
2 , 625
8 , 1036
1 , 1060
4 , 792
4 , 364
3 , 352
6 , 1141
1 , 1189
5 , 1260
5 , 1182
4 , 441
3 , 1021
6 , 741
5 , 827
4 , 848
5 , 968
3 , 992
5 , 302
5 , 779
7 , 1275
8 , 821
5 , 1264
3 , 912
6 , 554
5 , 365
1 , 315
8 , 510
1 , 1280
4 , 432
4 , 931
1 , 1020
4 , 1206
5 , 708
5 , 868
8 , 407
8 , 435
5 , 871
4 , 346
8 , 1253
5 , 759
3 , 1089
3 , 1229
8 , 862
7 , 655
7 , 773
3 , 1027
2 , 937
2 , 1257
6 , 1194
6 , 585
2 , 721
5 , 633
1 , 1171
4 , 1180
1 , 331
4 , 847
5 , 466
5 , 1176
1 , 390
8 , 427
5 , 1221
7 , 761
7 , 491
4 , 1256
6 , 948
2 , 1090
6 , 665
4 , 714
5 , 506
7 , 713
7 , 1285
1 , 1062
8 , 1088
7 , 884
8 , 521
8 , 799
7 , 1217
1 , 353
5 , 383
2 , 846
5 , 606
1 , 453
8 , 464
8 , 559
3 , 513
1 , 1260
8 , 636
4 , 1002
6 , 1013
7 , 360
8 , 1297
8 , 729
3 , 1171
3 , 1027
4 , 495
2 , 987
6 , 1261
1 , 824
6 , 1060
1 , 1148
6 , 460
1 , 824
2 , 535
4 , 626
6 , 1165
3 , 536
8 , 597
2 , 781
1 , 1152
1 , 423
8 , 1133
3 , 849
4 , 655
2 , 924
4 , 509
1 , 740
3 , 1285
6 , 871
5 , 844
2 , 1173
2 , 935
6 , 1276
5 , 779
3 , 400
4 , 670
1 , 678
5 , 1038
8 , 651
6 , 653
8 , 860
3 , 452
2 , 936
2 , 970
8 , 1009
7 , 1108
8 , 627
4 , 696
1 , 1027
4 , 414
5 , 858
5 , 408
2 , 340
7 , 516
8 , 592
2 , 371
5 , 1136
8 , 857
1 , 1012
4 , 684
6 , 1093
1 , 1008
2 , 640
2 , 725
4 , 632
4 , 899
4 , 1027
4 , 480
1 , 1206
5 , 1163
7 , 970
7 , 1054
3 , 457
1 , 334
6 , 1191
3 , 943
6 , 1263
8 , 1106
8 , 1108
8 , 1022
6 , 1126
3 , 332
2 , 1033
5 , 677
8 , 612
2 , 841
7 , 827
1 , 492
6 , 612
4 , 1206
4 , 1297
6 , 540
1 , 905
7 , 1267
6 , 633
3 , 1206
8 , 1016
3 , 717
2 , 1154
3 , 1093
8 , 687
7 , 801
4 , 1282
7 , 900
7 , 573
3 , 1150
7 , 412
3 , 1235
6 , 789
7 , 782
7 , 1244
6 , 634
5 , 331
8 , 1114
7 , 1197
8 , 353
6 , 593
3 , 852
5 , 900
1 , 574
2 , 662
5 , 796
3 , 1219
8 , 843
1 , 985
3 , 1234
7 , 1067
5 , 942
7 , 1023
1 , 336
6 , 715
2 , 910
6 , 1296
3 , 989
5 , 966
4 , 474
5 , 1092
7 , 1155
8 , 753
7 , 771
3 , 1076
6 , 420
8 , 678
4 , 346
6 , 871
3 , 726
4 , 824
5 , 700
1 , 498
2 , 1120
1 , 1056
3 , 545
5 , 316
5 , 1263
6 , 1150
3 , 1260
4 , 844
1 , 1174
3 , 495
1 , 323
8 , 1007
3 , 758
8 , 1138
3 , 755
6 , 303
4 , 905
8 , 1274
3 , 312
7 , 954
8 , 464
2 , 1062
5 , 784
3 , 1208
7 , 528
1 , 1283
4 , 875
3 , 705
2 , 573
5 , 895
1 , 933
7 , 1007
7 , 1009
2 , 741
2 , 676
8 , 349
5 , 1252
4 , 316
5 , 769
5 , 799
2 , 680
3 , 952
4 , 1176
3 , 640
6 , 306
8 , 529
8 , 537
1 , 529
4 , 622
7 , 672
3 , 770
6 , 890
7 , 1236
7 , 511
6 , 534
7 , 1106
8 , 1196
4 , 1222
5 , 521
8 , 573
4 , 554
7 , 518
5 , 442
8 , 795
1 , 1122
4 , 1166
5 , 1293
1 , 366
2 , 1066
6 , 987
2 , 991
6 , 1268
4 , 604
3 , 363
6 , 509
1 , 404
1 , 842
3 , 960
6 , 422
4 , 1153
1 , 674
1 , 888
8 , 828
7 , 597
8 , 584
1 , 300
8 , 1129
1 , 567
7 , 862
3 , 311
5 , 967
5 , 1240
2 , 1090
1 , 546
1 , 407
5 , 860
2 , 824
5 , 1149
5 , 807
3 , 351
8 , 1134
4 , 418
8 , 671
2 , 449
7 , 368
2 , 710
8 , 929
7 , 596
4 , 1250
8 , 336
2 , 647
5 , 1190
8 , 1101
4 , 927
5 , 1241
8 , 751
8 , 382
2 , 443
7 , 959
5 , 392
8 , 1105
7 , 466
3 , 1152
7 , 1210
3 , 1009
3 , 863
1 , 546
6 , 1283
8 , 1197
4 , 1007
7 , 942
7 , 618
5 , 732
6 , 534
4 , 405
7 , 822
8 , 480
1 , 349
1 , 1154
8 , 838
5 , 909
6 , 624
1 , 911
5 , 555
5 , 571
4 , 350
2 , 1125
1 , 641
2 , 481
1 , 704
8 , 554
7 , 850
4 , 1266
8 , 471
6 , 1211
7 , 1037
1 , 815
6 , 1028
7 , 373
1 , 638
1 , 951
6 , 909
5 , 409
8 , 738
4 , 531
3 , 878
6 , 421
1 , 572
8 , 379
5 , 912
7 , 806
6 , 515
6 , 415
8 , 800
5 , 931
7 , 1185
3 , 879
7 , 763
2 , 449
6 , 1280
5 , 747
7 , 518
1 , 338
3 , 660
6 , 586
5 , 1112
1 , 974
4 , 466
6 , 622
3 , 629
3 , 508
7 , 1240
5 , 713
4 , 1129
3 , 308
2 , 595
1 , 723
2 , 676
6 , 1007
1 , 582
3 , 1009
7 , 1086
8 , 1125
1 , 1176
5 , 974
6 , 1106
4 , 424
3 , 675
2 , 802
5 , 1103
7 , 1017
3 , 618
5 , 615
8 , 1253
8 , 1083
4 , 669
5 , 334
4 , 527
4 , 1112
8 , 659
7 , 313
6 , 1021
2 , 1212
1 , 678
7 , 952
6 , 928
2 , 1284
4 , 1161
4 , 1294
7 , 326
2 , 702
4 , 922
5 , 1203
2 , 595
4 , 957
8 , 1205
7 , 472
4 , 459
5 , 727
2 , 502
1 , 722
8 , 453
7 , 430
8 , 710
5 , 481
5 , 905
8 , 836
4 , 671
8 , 1081
4 , 1158
7 , 326
4 , 1112
7 , 394
4 , 1287
3 , 512
6 , 606
3 , 672
4 , 1045
7 , 774
4 , 630
1 , 1243
1 , 891
8 , 815
4 , 922
1 , 986
1 , 386
1 , 1248
3 , 914
3 , 873
2 , 1216
2 , 1091
7 , 424
4 , 334
6 , 670
5 , 676
5 , 816
8 , 936
5 , 803
1 , 1075
6 , 1100
6 , 1258
8 , 1177
3 , 789
4 , 1248
8 , 393
2 , 852
5 , 1091
5 , 1051
2 , 1197
2 , 986
2 , 1122
3 , 1245
3 , 962
1 , 1262
6 , 1225
4 , 902
4 , 302
8 , 1089
4 , 623
3 , 558
1 , 607
4 , 304
3 , 1139
4 , 576
2 , 1177
3 , 310
4 , 816
4 , 1161
4 , 407
1 , 972
2 , 591
4 , 1216
6 , 758
3 , 788
6 , 1096
4 , 849
8 , 1210
2 , 1205
6 , 961
6 , 786
3 , 795
2 , 1241
5 , 456
3 , 1195
1 , 982
8 , 597
6 , 846
6 , 918
6 , 571
4 , 438
4 , 506
1 , 822
5 , 1245
5 , 517
7 , 1261
1 , 1148
2 , 1205
6 , 473
6 , 596
5 , 329
3 , 991
7 , 604
7 , 544
3 , 895
4 , 681
6 , 1235
4 , 777
2 , 707
8 , 889
2 , 681
8 , 981
7 , 1012
3 , 671
6 , 1003
4 , 957
6 , 1298
5 , 1063
7 , 1238
8 , 1228
6 , 527
7 , 623
3 , 901
1 , 623
2 , 523
2 , 1286
6 , 764
4 , 487
1 , 1257
7 , 1065
5 , 878
7 , 1045
1 , 774
6 , 882
6 , 520
7 , 950
8 , 472
6 , 1261
7 , 426
6 , 787
6 , 498
2 , 606
7 , 1144
6 , 842
2 , 704
4 , 465
7 , 381
8 , 562
4 , 424
5 , 620
1 , 1006
4 , 1092
8 , 948
2 , 657
7 , 690
5 , 776
5 , 321
7 , 1254
2 , 1280
1 , 670
1 , 455
8 , 370
5 , 450
5 , 444
3 , 828
1 , 1271
3 , 439
4 , 469
5 , 520
7 , 1214
4 , 374
7 , 851
8 , 529
3 , 612
2 , 1006
3 , 597
7 , 870
8 , 750
1 , 351
3 , 1295
4 , 415
7 , 1169
7 , 381
8 , 1046
6 , 1217
6 , 564
1 , 407
1 , 387
1 , 974
1 , 1197
5 , 734
3 , 894
5 , 1213
6 , 1025
5 , 995
1 , 547
3 , 690
6 , 717
8 , 456
4 , 424
2 , 828
6 , 365
5 , 857
2 , 1272
8 , 1205
7 , 615
4 , 716
7 , 996
3 , 959
6 , 946
3 , 1145
7 , 817
4 , 663
7 , 358
8 , 1101
7 , 1244
3 , 1223
3 , 618
1 , 1167
3 , 715
5 , 1164
4 , 1115
2 , 1293
8 , 615
5 , 584
2 , 658
2 , 859
4 , 664
3 , 813
7 , 1093
4 , 1257
3 , 1297
1 , 1104
4 , 1013
8 , 609
1 , 447
7 , 1159
3 , 459
5 , 1126
3 , 1156
7 , 1087
8 , 540
4 , 446
5 , 569
5 , 679
8 , 979
1 , 1157
5 , 516
6 , 995
2 , 984
5 , 710
8 , 830
6 , 797
2 , 774
4 , 815
3 , 1086
8 , 901
3 , 950
5 , 1282
8 , 1060
2 , 338
8 , 349
8 , 767
3 , 1208
3 , 847
1 , 818
6 , 427
2 , 1231
2 , 390
6 , 600
7 , 739
7 , 561
2 , 764
8 , 793
8 , 1186
6 , 460
6 , 696
3 , 472
8 , 1128
2 , 677
8 , 325
8 , 337
2 , 948
1 , 430
4 , 1025
7 , 349
5 , 1169
7 , 1209
6 , 1225
3 , 1080
4 , 307
6 , 388
4 , 803
6 , 918
4 , 642
4 , 358
8 , 1247
8 , 1172
4 , 715
3 , 338
5 , 1085
8 , 309
7 , 1049
7 , 1287
3 , 973
1 , 490
1 , 713
7 , 1088
5 , 839
7 , 899
2 , 406
2 , 1253
6 , 757
2 , 300
1 , 480
8 , 1017
6 , 426
7 , 919
5 , 648
7 , 906
6 , 378
5 , 706
4 , 375
3 , 1059
7 , 1252
7 , 500
3 , 668
2 , 763
2 , 630
1 , 701
7 , 1155
7 , 1127
6 , 1200
7 , 861
2 , 1057
1 , 922
4 , 616
5 , 979
8 , 1226
7 , 1010
8 , 449
7 , 589
6 , 1067
2 , 346
2 , 1221
8 , 612
1 , 922
4 , 409
3 , 590
8 , 1071
8 , 843
3 , 534
4 , 426
2 , 903
6 , 1004
2 , 584
6 , 1227
6 , 1022
7 , 682
1 , 795
8 , 1219
8 , 731
6 , 951
6 , 716
6 , 864
4 , 640
4 , 585
7 , 618
5 , 1140
2 , 469
1 , 886
6 , 401
2 , 382
8 , 1211
2 , 595
8 , 420
7 , 1218
1 , 760
2 , 745
5 , 1162
2 , 1067
3 , 768
6 , 429
3 , 469
2 , 360
3 , 869
7 , 1147
7 , 1164
2 , 1145
8 , 398
5 , 1186
4 , 358
6 , 423
7 , 1026
1 , 1046
6 , 1229
3 , 795
6 , 1219
1 , 483
1 , 949
4 , 782
3 , 894
2 , 540
3 , 1262
6 , 1237
6 , 877
1 , 580
5 , 633
4 , 1158
4 , 623
6 , 1004
5 , 1123
1 , 301
7 , 828
1 , 834
3 , 432
1 , 1048
7 , 997
6 , 1188
4 , 374
2 , 372
5 , 653
1 , 1292
7 , 759
3 , 1102
7 , 459
3 , 686
7 , 358
4 , 1024
4 , 1224
3 , 1065
1 , 1278
2 , 434
4 , 802
7 , 339
2 , 851
8 , 585
2 , 468
6 , 595
4 , 1131
2 , 1062
8 , 1256
5 , 1273
7 , 1188
3 , 901
5 , 960
7 , 872
8 , 532
3 , 318
7 , 732
2 , 667
8 , 1173
5 , 540
2 , 581
1 , 968
2 , 1285
7 , 756
6 , 583
6 , 608
4 , 779
6 , 987
5 , 928
4 , 783
5 , 969
6 , 950
6 , 563
3 , 736
1 , 322
6 , 829
1 , 865
6 , 421
7 , 632
2 , 1144
8 , 306
1 , 790
7 , 713
2 , 630
2 , 440
6 , 1257
2 , 318
1 , 562
2 , 1278
3 , 421
1 , 675
3 , 660
5 , 852
2 , 495
5 , 710
8 , 503
2 , 1195
6 , 907
5 , 522
2 , 354
3 , 402
4 , 1175
1 , 1271
2 , 758
6 , 1135
4 , 954
4 , 1234
7 , 1155
7 , 1148
3 , 374
3 , 1093
6 , 327
1 , 974
3 , 1001
1 , 871
4 , 1262
2 , 418
6 , 1150
3 , 626
5 , 691
2 , 539
6 , 376
6 , 712
5 , 663
5 , 986
6 , 1170
1 , 1070
3 , 1172
5 , 832
6 , 992
1 , 980
7 , 1133
8 , 1143
4 , 541
2 , 643
1 , 983
8 , 330
8 , 408
3 , 695
1 , 706
3 , 1265
5 , 918
1 , 474
3 , 480
4 , 716
2 , 815
1 , 531
5 , 547
4 , 684
1 , 896
8 , 773
8 , 962
8 , 1043
4 , 949
3 , 1247
8 , 576
1 , 335
7 , 300
3 , 1037
6 , 921
2 , 1058
1 , 901
6 , 1136
2 , 1068
5 , 989
6 , 1248
3 , 1000
3 , 317
4 , 385
3 , 586
1 , 1077
3 , 949
6 , 1109
2 , 675
3 , 482
5 , 351
5 , 784
5 , 934
1 , 1153
3 , 1193
8 , 771
2 , 709
5 , 455
4 , 1267
2 , 1097
6 , 925
8 , 468
3 , 392
2 , 576
4 , 823
3 , 1115
7 , 403
4 , 1230
2 , 1271
1 , 495
1 , 331
4 , 357
1 , 843
6 , 519
7 , 754
2 , 768
8 , 596
5 , 358
5 , 1265
7 , 507
1 , 444
7 , 1066
8 , 973
1 , 340
5 , 1132
5 , 809
8 , 907
7 , 956
7 , 431
4 , 664
2 , 896
1 , 669
5 , 768
4 , 1284
2 , 1061
8 , 925
2 , 1217
8 , 509
7 , 740
2 , 887
1 , 489
1 , 1140
5 , 314
1 , 598
3 , 375
8 , 383
1 , 795
5 , 568
5 , 1179
6 , 401
1 , 448
8 , 902
3 , 1122
4 , 956
7 , 712
4 , 539
3 , 991
8 , 1050
3 , 579
2 , 504
3 , 364
8 , 1030
8 , 1040
8 , 527
4 , 1256
2 , 616
1 , 1060
7 , 822
7 , 733
4 , 497
6 , 1074
5 , 451
3 , 519
7 , 1176
3 , 603
1 , 504
8 , 1019
8 , 930
4 , 938
3 , 1083
3 , 839
4 , 702
4 , 1021
6 , 885
3 , 756
7 , 651
7 , 870
8 , 700
6 , 409
5 , 939
5 , 1008
5 , 431
5 , 783
2 , 539
2 , 1271
7 , 719
7 , 477
6 , 813
3 , 398
4 , 704
3 , 885
5 , 789
5 , 1263
2 , 597
1 , 1170
2 , 1136
3 , 785
8 , 1010
1 , 732
7 , 1093
5 , 976
5 , 918
7 , 1037
5 , 404
5 , 1235
6 , 394
1 , 1269
8 , 328
5 , 1125
7 , 656
8 , 1267
1 , 629
5 , 1163
1 , 424
8 , 642
6 , 999
3 , 1133
7 , 876
3 , 1102
2 , 1058
2 , 842
6 , 909
8 , 1088
7 , 1095
6 , 968
8 , 312
4 , 347
7 , 1091
7 , 1034
4 , 505
5 , 836
2 , 1098
2 , 1227
8 , 591
2 , 1060
3 , 470
7 , 907
4 , 817
4 , 421
1 , 1013
6 , 467
6 , 428
7 , 1071
8 , 776
2 , 838
2 , 585
3 , 590
5 , 447
2 , 463
8 , 598
4 , 493
5 , 877
1 , 1252
7 , 1199
2 , 410
5 , 515
6 , 342
8 , 1143
6 , 1267
8 , 323
2 , 1004
5 , 584
4 , 396
8 , 864
4 , 522
8 , 1186
8 , 983
8 , 1219
4 , 561
4 , 361
4 , 435
5 , 300
2 , 623
4 , 995
3 , 1166
7 , 800
4 , 1030
1 , 1218
4 , 1219
3 , 442
7 , 997
6 , 561
6 , 496
6 , 668
3 , 652
6 , 481
8 , 709
7 , 669
6 , 1029
1 , 675
5 , 1138
4 , 819
1 , 1015
6 , 751
4 , 571
3 , 429
2 , 1275
7 , 1002
4 , 1223
7 , 1281
4 , 504
4 , 1119
6 , 997
5 , 998
3 , 1256
3 , 674
3 , 305
6 , 366
2 , 334
7 , 1008
3 , 412
6 , 1279
8 , 1231
2 , 558
8 , 1107
1 , 486
4 , 1055
6 , 629
5 , 845
4 , 882
6 , 1105
6 , 947
4 , 854
3 , 536
6 , 884
1 , 1251
1 , 785
3 , 435
1 , 615
2 , 1275
3 , 637
3 , 786
5 , 819
8 , 548
2 , 846
8 , 866
1 , 440
7 , 1167
7 , 932
8 , 1287
1 , 699
3 , 564
5 , 520
8 , 304
8 , 796
5 , 310
3 , 1146
1 , 930
6 , 315
8 , 730
2 , 362
6 , 565
3 , 567
5 , 548
4 , 887
5 , 767
3 , 1178
4 , 1226
4 , 1134
4 , 638
3 , 915
5 , 1168
6 , 848
4 , 478
4 , 1030
2 , 777
1 , 962
7 , 646
2 , 879
3 , 480
7 , 834
8 , 1157
6 , 1030
8 , 516
5 , 366
3 , 546
2 , 907
4 , 1146
4 , 618
2 , 371
1 , 990
5 , 492
1 , 942
3 , 581
6 , 784
6 , 1040
4 , 760
6 , 788
7 , 1032
1 , 406
8 , 1262
1 , 484
2 , 471
8 , 377
2 , 1060
5 , 1189
3 , 348
2 , 1102
3 , 623
4 , 916
1 , 548
5 , 831
5 , 309
4 , 1198
6 , 375
5 , 544
6 , 1008
6 , 611
1 , 464
5 , 1021
5 , 540
4 , 378
1 , 696
1 , 982
1 , 967
3 , 1180
4 , 1010
4 , 923
8 , 1082
2 , 1113
2 , 1177
2 , 898
2 , 490
6 , 469
3 , 949
4 , 1282
2 , 506
5 , 829
3 , 592
5 , 974
8 , 514
3 , 526
6 , 969
2 , 1296
4 , 1022
2 , 312
8 , 519
4 , 541
2 , 1172
3 , 768
3 , 305
3 , 1063
4 , 811
6 , 818
4 , 509
1 , 415
8 , 751
6 , 1000
1 , 491
2 , 1224
2 , 1158
1 , 869
6 , 551
3 , 491
5 , 872
4 , 1298
3 , 761
2 , 793
5 , 1058
4 , 428
8 , 856
4 , 1043
8 , 884
4 , 779
8 , 1144
4 , 1045
8 , 344
3 , 784
8 , 776
4 , 1071
1 , 338
2 , 630
5 , 535
1 , 1124
2 , 487
1 , 613
8 , 1199
1 , 754
5 , 1151
7 , 615
1 , 989
5 , 1051
6 , 1026
4 , 681
3 , 1267
1 , 1255
6 , 926
6 , 1157
6 , 1113
3 , 858
2 , 990
8 , 1100
7 , 579
8 , 726
4 , 841
6 , 831
7 , 454
3 , 968
1 , 521
2 , 1087
5 , 1205
7 , 846
4 , 383
4 , 1044
2 , 441
8 , 902
1 , 826
3 , 1074
7 , 309
1 , 941
7 , 593
5 , 433
8 , 1106
2 , 980
4 , 502
4 , 868
4 , 1213
3 , 1291
5 , 521
8 , 545
4 , 1042
8 , 847
6 , 1254
2 , 1079
4 , 525
5 , 1166
7 , 892
8 , 618
7 , 452
7 , 429
3 , 469
2 , 1113
3 , 815
5 , 730
2 , 1192
5 , 1104
3 , 879
8 , 555
6 , 676
3 , 501
2 , 1106
4 , 771
7 , 1070
6 , 800
3 , 439
7 , 928
5 , 331
2 , 394
4 , 546
6 , 640
3 , 1205
1 , 776
5 , 499
5 , 1022
8 , 418
4 , 1180
6 , 994
8 , 327
1 , 793
1 , 1038
1 , 1162
7 , 945
6 , 1107
4 , 796
6 , 916
5 , 843
2 , 632
5 , 362
4 , 404
1 , 462
7 , 711
3 , 503
2 , 398
8 , 1221
8 , 411
4 , 1227
6 , 325
5 , 1222
1 , 964
4 , 538
1 , 907
6 , 806
5 , 805
1 , 475
2 , 1004
3 , 1188
4 , 1032
4 , 872
7 , 622
6 , 1073
2 , 804
6 , 410
2 , 925
2 , 1013
2 , 1104
8 , 1222
4 , 737
5 , 1003
7 , 1000
8 , 556
5 , 869
1 , 523
6 , 535
4 , 1136
7 , 1292
2 , 995
1 , 962
7 , 677
1 , 843
3 , 581
4 , 1046
4 , 410
8 , 635
7 , 1129
4 , 345
6 , 443
7 , 529
7 , 1271
2 , 1165
8 , 1027
2 , 1069
7 , 1005
8 , 1232
3 , 1075
4 , 1177
2 , 826
8 , 912
6 , 458
5 , 1103
4 , 635
1 , 725
8 , 466
7 , 849
2 , 475
8 , 597
7 , 924
3 , 977
3 , 853
2 , 416
2 , 1089
2 , 686
4 , 1268
7 , 604
7 , 598
4 , 1118
3 , 607
4 , 1117
2 , 1253
7 , 615
2 , 433
5 , 331
7 , 682
5 , 1092
8 , 322
5 , 564
4 , 906
3 , 778
7 , 301
8 , 1057
4 , 1190
8 , 585
7 , 822
7 , 1027
4 , 769
3 , 904
3 , 306
5 , 1012
5 , 348
1 , 976
7 , 769
5 , 533
4 , 1243
1 , 653
1 , 795
7 , 895
2 , 337
2 , 939
8 , 1283
8 , 1039
5 , 1061
8 , 707
1 , 983
8 , 808
5 , 980
1 , 454
6 , 777
5 , 876
5 , 752
2 , 1016
4 , 340
8 , 688
6 , 492
5 , 993
1 , 1047
1 , 632
5 , 1075
4 , 1280
4 , 863
2 , 843
4 , 677
2 , 1044
7 , 1089
1 , 926
2 , 549
7 , 544
2 , 658
2 , 723
7 , 961
5 , 730
1 , 848
4 , 920
4 , 1154
2 , 786
2 , 742
6 , 664
4 , 1083
5 , 326
5 , 1080
5 , 818
7 , 351
3 , 675
2 , 695
7 , 611
1 , 566
7 , 468
7 , 509
6 , 494
8 , 1042
1 , 485
1 , 714
6 , 655
6 , 1014
6 , 421
7 , 1038
8 , 528
6 , 1054
5 , 850
6 , 406
6 , 1210
6 , 959
7 , 1191
5 , 519
6 , 584
2 , 418
6 , 797
5 , 374
6 , 381
5 , 1238
3 , 935
5 , 1142
8 , 469
5 , 1119
8 , 397
7 , 937
8 , 303
1 , 738
7 , 465
2 , 984
2 , 1271
3 , 922
5 , 986
1 , 973
8 , 1137
5 , 621
1 , 940
4 , 635
3 , 411
4 , 533
2 , 1085
7 , 868
5 , 467
7 , 686
5 , 316
7 , 785
4 , 524
4 , 755
7 , 807
2 , 681
1 , 393
8 , 1116
6 , 1166
1 , 1195
3 , 311
2 , 1191
5 , 1299
4 , 588
7 , 470
3 , 1150
3 , 749
8 , 473
2 , 446
5 , 1236
7 , 761
6 , 1298
3 , 672
8 , 588
8 , 619
8 , 1221
3 , 612
5 , 1130
1 , 1275
7 , 1130
2 , 444
2 , 983
2 , 372
1 , 919
4 , 841
4 , 525
3 , 876
8 , 857
6 , 690
6 , 840
6 , 1032
6 , 691
6 , 1277
6 , 361
1 , 991
4 , 1102
5 , 928
6 , 433
6 , 346
1 , 572
4 , 311
2 , 889
5 , 372
3 , 1189
8 , 995
6 , 1176
5 , 894
5 , 477
4 , 1141
7 , 527
6 , 1133
6 , 373
7 , 1167
7 , 815
2 , 963
4 , 800
3 , 1288
2 , 1266
5 , 1240
8 , 1175
4 , 1288
1 , 419
7 , 1024
1 , 1157
6 , 1186
6 , 1102
1 , 766
4 , 1186
6 , 1086
2 , 898
2 , 544
3 , 775
1 , 544
3 , 944
1 , 949
1 , 823
7 , 924
4 , 1224
5 , 591
7 , 565
3 , 871
5 , 902
6 , 947
1 , 1023
2 , 1245
2 , 534
6 , 776
7 , 721
1 , 1156
2 , 556
2 , 1237
4 , 1147
2 , 1074
5 , 913
3 , 558
8 , 1248
6 , 951
7 , 518
3 , 1042
6 , 736
8 , 1267
7 , 1176
4 , 384
2 , 463
5 , 1014
4 , 1098
5 , 1202
6 , 1217
6 , 1069
4 , 747
4 , 414
4 , 508
6 , 597
4 , 1067
8 , 1020
4 , 378
8 , 526
3 , 1134
7 , 1255
6 , 551
6 , 420
2 , 325
8 , 346
8 , 352
1 , 478
4 , 847
5 , 546
5 , 709
8 , 835
1 , 1234
8 , 680
5 , 1299
7 , 970
2 , 568
2 , 483
8 , 1298
8 , 572
1 , 330
8 , 971
3 , 1139
2 , 1233
3 , 441
4 , 794
7 , 726
6 , 378
1 , 641
3 , 376
5 , 716
3 , 825
6 , 375
5 , 1208
3 , 1016
6 , 1102
3 , 1152
2 , 481
4 , 974
3 , 1081
8 , 1298
5 , 369
1 , 309
4 , 437
7 , 1258
6 , 342
7 , 964
1 , 1063
4 , 928
1 , 817
1 , 505
8 , 743
2 , 796
1 , 1104
3 , 742
2 , 989
1 , 1161
7 , 517
8 , 558
3 , 873
1 , 1219
1 , 946
8 , 836
3 , 975
5 , 1086
1 , 1161
8 , 516
1 , 404
1 , 1284
5 , 887
3 , 793
5 , 871
4 , 687
5 , 1230
6 , 794
8 , 1217
6 , 1123
4 , 649
8 , 977
1 , 1176
8 , 1220
2 , 458
1 , 397
7 , 853
2 , 822
5 , 511
1 , 716
7 , 375
4 , 1222
6 , 804
1 , 864
6 , 482
5 , 637
4 , 399
7 , 911
8 , 1130
4 , 1068
5 , 672
2 , 903
6 , 950
6 , 365
7 , 793
2 , 944
1 , 641
8 , 577
6 , 635
3 , 567
6 , 882
5 , 404
2 , 1270
4 , 661
1 , 1251
2 , 441
4 , 999
1 , 900
6 , 521
2 , 863
4 , 1150
1 , 935
8 , 779
2 , 689
7 , 407
1 , 336
2 , 912
5 , 1022
7 , 860
4 , 387
8 , 865
5 , 1134
1 , 624
3 , 1265
2 , 1103
2 , 1264
6 , 741
1 , 497
1 , 517
3 , 386
5 , 894
3 , 665
7 , 619
8 , 1144
8 , 823
4 , 690
1 , 811
1 , 356
4 , 662
6 , 385
6 , 554
2 , 470
8 , 1005
8 , 1267
3 , 957
7 , 1250
4 , 532
4 , 813
8 , 1055
7 , 1082
7 , 589
5 , 370
2 , 400
7 , 640
7 , 1151
2 , 1279
3 , 479
7 , 805
5 , 521
2 , 459
8 , 531
6 , 1134
8 , 1077
5 , 1019
5 , 1006
6 , 814
4 , 326
1 , 800
7 , 362
2 , 1241
2 , 1270
1 , 1023
6 , 722
6 , 686
5 , 354
2 , 1175
6 , 658
6 , 752
8 , 709
4 , 671
4 , 973
6 , 1115
4 , 1121
4 , 477
4 , 1160
7 , 801
8 , 339
1 , 984
6 , 1105
7 , 1109
4 , 971
5 , 796
7 , 398
6 , 817
4 , 772
2 , 1275
2 , 426
7 , 496
5 , 1109
7 , 483
7 , 1144
5 , 505
4 , 913
2 , 349
3 , 612
3 , 930
8 , 899
7 , 665
2 , 431
4 , 504
5 , 776
4 , 401
3 , 621
3 , 1202
4 , 676
7 , 805
5 , 774
7 , 756
8 , 899
2 , 510
8 , 367
1 , 899
3 , 322
5 , 1015
3 , 851
1 , 1058
4 , 1103
4 , 1282
6 , 513
5 , 1260
6 , 622
2 , 462
6 , 475
3 , 536
7 , 1127
7 , 1042
7 , 1290
6 , 565
6 , 309
5 , 467
2 , 552
6 , 1240
1 , 788
3 , 833
7 , 1107
6 , 943
2 , 610
6 , 578
6 , 723
4 , 911
3 , 965
2 , 1149
1 , 698
3 , 321
1 , 394
5 , 621
4 , 1117
6 , 407
2 , 836
1 , 307
8 , 1137
4 , 476
4 , 1108
8 , 1284
1 , 326
4 , 486
4 , 953
4 , 351
4 , 801
1 , 759
5 , 1264
5 , 947
6 , 1046
3 , 387
3 , 398
7 , 629
8 , 749
2 , 734
3 , 316
3 , 1142
3 , 665
5 , 738
3 , 716
2 , 722
6 , 566
2 , 1165
7 , 666
1 , 664
1 , 1270
4 , 1046
5 , 549
4 , 655
4 , 584
6 , 961
6 , 859
8 , 643
6 , 535
6 , 947
4 , 923
6 , 1221
2 , 603
3 , 771
6 , 655
4 , 433
6 , 938
8 , 1046
1 , 606
6 , 943
7 , 543
1 , 1191
3 , 811
4 , 731
3 , 668
8 , 1050
8 , 448
8 , 884
4 , 813
1 , 1124
5 , 543
6 , 846
3 , 488
5 , 774
7 , 397
6 , 385
5 , 1073
1 , 1147
5 , 1215
7 , 682
5 , 657
5 , 1279
3 , 1159
5 , 313
6 , 920
7 , 1245
8 , 799
4 , 397
1 , 787
4 , 834
2 , 340
4 , 929
6 , 600
5 , 1101
8 , 407
1 , 1151
1 , 320
8 , 974
1 , 1047
1 , 905
8 , 530
7 , 882
2 , 694
1 , 1069
2 , 903
1 , 1118
5 , 1279
1 , 461
8 , 576
4 , 499
8 , 799
3 , 500
8 , 885
3 , 1051
5 , 566
5 , 351
1 , 559
3 , 878
6 , 966
4 , 1186
6 , 1007
2 , 917
8 , 509
4 , 618
6 , 394
6 , 873
2 , 572
6 , 764
2 , 651
1 , 1194
3 , 576
2 , 766
8 , 1231
5 , 840
6 , 396
4 , 871
4 , 488
5 , 1142
6 , 971
2 , 534
6 , 1034
8 , 1010
7 , 1232
8 , 868
5 , 747
7 , 906
4 , 1059
1 , 559
4 , 1121
8 , 1292
6 , 582
4 , 724
7 , 756
4 , 519
8 , 432
7 , 545
3 , 1265
4 , 525
3 , 486
2 , 1186
2 , 1259
5 , 657
7 , 1216
1 , 413
2 , 771
3 , 658
3 , 673
8 , 876
6 , 1054
5 , 961
7 , 1254
3 , 756
8 , 865
2 , 469
1 , 478
8 , 1037
2 , 1199
7 , 508
1 , 714
2 , 909
7 , 431
1 , 940
2 , 755
1 , 690
2 , 664
4 , 1099
7 , 961
8 , 890
4 , 589
8 , 631
4 , 467
5 , 1257
3 , 815
6 , 1238
2 , 490
5 , 467
3 , 1168
8 , 1183
4 , 1028
2 , 536
5 , 329
4 , 415
3 , 942
2 , 569
4 , 1116
1 , 1051
8 , 321
5 , 702
1 , 877
5 , 1117
8 , 540
2 , 445
5 , 796
5 , 1083
1 , 658
4 , 969
4 , 706
1 , 729
2 , 1141
4 , 984
2 , 599
4 , 941
1 , 499
4 , 508
1 , 387
3 , 548
1 , 1015
2 , 1088
4 , 778
5 , 1088
5 , 595
2 , 875
7 , 893
5 , 755
3 , 1003
4 , 743
4 , 931
5 , 975
7 , 483
5 , 1259
8 , 1266
8 , 603
2 , 956
4 , 544
7 , 315
1 , 1270
8 , 1141
2 , 1017
3 , 850
5 , 872
6 , 667
1 , 1260
7 , 1104
5 , 1129
5 , 524
5 , 911
7 , 999
3 , 523
4 , 657
4 , 1142
6 , 1152
5 , 688
6 , 1010
2 , 1132
5 , 633
5 , 869
5 , 424
3 , 351
2 , 818
1 , 1217
7 , 672
1 , 936
8 , 446
4 , 1078
8 , 330
5 , 528
3 , 437
1 , 580
8 , 725
1 , 1111
7 , 1168
5 , 1111
2 , 1210
7 , 574
5 , 394
8 , 1174
3 , 723
7 , 541
2 , 1021
4 , 724
1 , 644
6 , 1286
2 , 1273
3 , 980
8 , 1030
4 , 809
8 , 523
1 , 596
7 , 834
3 , 918
5 , 413
6 , 746
1 , 655
8 , 1109
6 , 711
2 , 833
4 , 890
8 , 536
5 , 790
5 , 967
5 , 1059
1 , 823
7 , 501
4 , 472
8 , 689
8 , 368
7 , 936
3 , 1042
8 , 1206
8 , 1072
6 , 789
2 , 372
8 , 477
5 , 1295
4 , 1228
7 , 539
8 , 843
4 , 673
1 , 882
3 , 1131
5 , 989
4 , 478
6 , 1066
2 , 968
1 , 476
2 , 1289
2 , 398
6 , 749
4 , 373
5 , 594
2 , 759
7 , 340
3 , 949
6 , 398
8 , 963
2 , 855
1 , 1129
7 , 681
4 , 659
3 , 919
8 , 495
1 , 1205
6 , 673
3 , 573
7 , 1098
8 , 747
2 , 753
8 , 1263
7 , 904
6 , 986
5 , 643
2 , 976
5 , 979
3 , 771
7 , 464
3 , 1226
8 , 702
8 , 656
8 , 485
6 , 521
8 , 1201
5 , 597
3 , 511
5 , 1109
8 , 974
8 , 1087
2 , 740
1 , 841
1 , 526
5 , 810
7 , 754
5 , 401
1 , 919
2 , 931
5 , 1091
5 , 792
5 , 876
6 , 698
4 , 701
8 , 1254
4 , 706
7 , 392
8 , 858
2 , 619
1 , 1297
6 , 826
4 , 918
4 , 959
6 , 1088
3 , 694
4 , 1146
7 , 571
7 , 975
7 , 861
5 , 529
5 , 804
5 , 910
5 , 1135
1 , 1234
3 , 956
4 , 1283
7 , 1035
2 , 461
3 , 491
6 , 337
2 , 1181
4 , 771
1 , 310
3 , 474
4 , 1226
5 , 739
7 , 692
2 , 1031
4 , 573
2 , 1033
2 , 1248
5 , 1115
4 , 970
1 , 730
6 , 578
4 , 1098
8 , 354
6 , 963
1 , 419
7 , 1288
6 , 1246
4 , 480
3 , 481
8 , 1217
7 , 1228
3 , 388
5 , 370
8 , 1212
5 , 532
7 , 605
7 , 1165
8 , 673
8 , 1024
5 , 636
4 , 878
5 , 893
5 , 755
6 , 866
5 , 336
4 , 1095
5 , 1137
4 , 844
5 , 438
1 , 652
3 , 802
3 , 884
8 , 1061
6 , 939
7 , 998
8 , 333
5 , 303
3 , 1157
3 , 1051
8 , 1099
4 , 559
3 , 755
1 , 1129
1 , 1008
8 , 460
6 , 342
8 , 371
3 , 682
1 , 588
6 , 322
3 , 352
1 , 1266
8 , 982
8 , 1166
3 , 899
2 , 1225
3 , 1263
6 , 310
1 , 385
8 , 763
6 , 432
2 , 560
4 , 784
4 , 687
5 , 1020
3 , 410
6 , 766
5 , 480
5 , 904
7 , 586
4 , 715
5 , 1065
3 , 1245
8 , 822
7 , 1146
3 , 1279
3 , 1143
1 , 1185
8 , 887
2 , 751
4 , 335
2 , 732
6 , 642
6 , 1005
3 , 663
1 , 801
4 , 856
3 , 457
6 , 1045
1 , 535
1 , 318
7 , 574
6 , 1106
1 , 841
2 , 1085
1 , 705
5 , 1206
6 , 325
1 , 454
3 , 846
7 , 374
8 , 949
7 , 965
7 , 1135
3 , 490
7 , 654
1 , 937
6 , 722
4 , 1089
4 , 1193
7 , 607
3 , 1046
6 , 491
4 , 1113
3 , 505
8 , 868
1 , 1058
2 , 562
8 , 675
3 , 838
7 , 1172
5 , 426
6 , 525
5 , 957
7 , 1163
7 , 592
4 , 852
7 , 388
8 , 813
7 , 741
8 , 1265
2 , 651
5 , 878
6 , 503
3 , 363
6 , 1172
1 , 638
7 , 449
4 , 1199
7 , 1230
3 , 360
7 , 937
5 , 913
7 , 1008
7 , 632
6 , 497
2 , 811
5 , 1025
2 , 1166
2 , 695
2 , 322
4 , 517
1 , 918
8 , 576
6 , 1177
7 , 931
3 , 1080
6 , 1202
2 , 647
3 , 524
8 , 412
6 , 628
8 , 974
7 , 716
5 , 635
5 , 1121
6 , 435
8 , 370
2 , 410
3 , 922
4 , 1204
7 , 577
5 , 527
5 , 1082
7 , 1090
7 , 1257
7 , 783
6 , 881
6 , 991
7 , 349
3 , 814
8 , 388
2 , 1266
7 , 1055
5 , 1156
2 , 715
1 , 635
6 , 800
3 , 1173
3 , 1140
8 , 1292
6 , 922
5 , 735
4 , 1285
7 , 853
4 , 1157
4 , 910
2 , 369
1 , 755
1 , 304
8 , 1205
4 , 427
2 , 1116
4 , 1159
2 , 914
5 , 357
7 , 1149
8 , 734
5 , 534
5 , 1063
5 , 811
5 , 507
2 , 569
5 , 701
5 , 1104
6 , 1039
7 , 828
3 , 307
2 , 1145
3 , 1038
4 , 1218
4 , 718
1 , 478
5 , 704
6 , 628
8 , 501
8 , 791
1 , 612
1 , 689
2 , 1136
2 , 1122
8 , 1259
8 , 1093
7 , 348
8 , 485
3 , 750
8 , 1234
5 , 523
1 , 725
5 , 1177
2 , 799
7 , 1245
8 , 491
2 , 755
5 , 623
5 , 777
2 , 519
6 , 1148
6 , 1055
1 , 304
5 , 335
7 , 1048
2 , 679
4 , 1085
5 , 603
8 , 561
4 , 393
7 , 1150
5 , 1116
2 , 868
4 , 897
7 , 1288
2 , 1135
6 , 482
7 , 737
3 , 535
1 , 996
8 , 445
4 , 958
4 , 883
3 , 1246
6 , 769
8 , 703
8 , 328
4 , 924
5 , 362
7 , 1294
4 , 1043
6 , 892
6 , 424
6 , 1115
8 , 506
8 , 994
8 , 1239
1 , 1286
3 , 966
5 , 1019
8 , 976
4 , 754
1 , 346
8 , 952
6 , 305
8 , 1164
5 , 1128
1 , 325
1 , 841
1 , 963
4 , 355
6 , 1103
3 , 1010
6 , 1169
1 , 726
5 , 1164
7 , 715
7 , 1162
7 , 401
3 , 575
3 , 813
4 , 506
7 , 599
8 , 1298
1 , 1075
7 , 1240
8 , 319
8 , 477
2 , 536
7 , 758
7 , 991
3 , 1120
3 , 644
3 , 1220
7 , 849
4 , 1204
7 , 986
8 , 1056
2 , 698
4 , 478
7 , 1069
7 , 657
5 , 865
7 , 522
2 , 937
1 , 468
1 , 1006
5 , 734
3 , 971
4 , 1148
5 , 554
2 , 934
6 , 1220
8 , 578
7 , 1150
1 , 1144
4 , 930
2 , 1059
4 , 740
6 , 649
6 , 313
6 , 1057
8 , 1157
8 , 422
1 , 550
3 , 752
2 , 375
8 , 1098
4 , 482
5 , 966
1 , 537
7 , 655
4 , 1068
3 , 715
1 , 748
5 , 1289
6 , 1285
3 , 833
3 , 589
8 , 375
5 , 1277
8 , 697
6 , 1266
4 , 1052
5 , 1275
3 , 1184
5 , 1285
8 , 1084
2 , 1006
8 , 613
3 , 967
7 , 619
5 , 348
5 , 498
2 , 511
2 , 881
6 , 453
3 , 1246
8 , 825
3 , 624
6 , 473
1 , 717
7 , 1100
2 , 1211
3 , 404
1 , 664
4 , 1178
4 , 427
7 , 1188
7 , 915
4 , 603
6 , 940
1 , 827
3 , 580
6 , 1289
5 , 558
3 , 464
4 , 972
5 , 881
8 , 474
6 , 459
3 , 1109
6 , 874
1 , 615
7 , 618
3 , 861
7 , 779
3 , 730
8 , 440
7 , 1064
2 , 318
7 , 1295
8 , 349
4 , 1151
7 , 1254
3 , 968
2 , 568
6 , 1154
3 , 417
2 , 956
5 , 752
3 , 710
4 , 1072
1 , 590
1 , 1203
7 , 1046
2 , 728
6 , 1108
7 , 765
5 , 760
4 , 1042
1 , 1185
3 , 1257
4 , 857
4 , 561
6 , 1163
2 , 731
2 , 1296
4 , 765
8 , 768
1 , 993
7 , 1294
3 , 311
3 , 900
5 , 466
5 , 548
5 , 841
6 , 923
3 , 524
5 , 1225
6 , 693
5 , 850
2 , 1065
4 , 1032
8 , 486
1 , 955
8 , 418
2 , 653
3 , 456
2 , 610
3 , 1018
7 , 1235
4 , 343
7 , 409
5 , 390
4 , 757
4 , 1179
1 , 312
6 , 1207
2 , 880
6 , 597
4 , 624
1 , 537
7 , 550
2 , 635
1 , 719
6 , 419
3 , 964
3 , 564
7 , 434
3 , 813
1 , 490
1 , 900
3 , 1041
4 , 1247
2 , 604
6 , 561
5 , 665
3 , 310
8 , 543
3 , 827
7 , 699
7 , 669
1 , 813
2 , 842
8 , 640
8 , 539
3 , 451
8 , 384
6 , 350
1 , 866
3 , 1281
4 , 635
3 , 977
2 , 613
1 , 991
1 , 587
4 , 491
1 , 1159
1 , 1293
2 , 651
6 , 460
8 , 1163
8 , 1082
5 , 504
2 , 984
4 , 839
2 , 602
3 , 1015
5 , 520
5 , 1256
8 , 520
4 , 1006
4 , 903
6 , 767
6 , 970
4 , 582
7 , 1062
3 , 794
1 , 1098
3 , 381
3 , 825
6 , 799
5 , 795
7 , 812
4 , 894
5 , 631
7 , 716
6 , 1230
4 , 607
6 , 620
2 , 868
4 , 812
3 , 401
7 , 1231
4 , 708
5 , 1033
7 , 1285
1 , 766
2 , 450
3 , 1200
1 , 450
8 , 562
7 , 921
1 , 942
1 , 1242
3 , 557
7 , 1217
2 , 1197
3 , 427
5 , 569
1 , 492
3 , 474
3 , 886
1 , 1015
1 , 1270
8 , 484
1 , 851
8 , 691
5 , 1291
2 , 752
6 , 647
6 , 800
2 , 1131
6 , 935
7 , 525
2 , 498
2 , 559
5 , 599
7 , 664
7 , 586
7 , 634
8 , 1107
6 , 570
7 , 709
6 , 1235
6 , 551
3 , 1222
8 , 1199
2 , 448
8 , 716
6 , 1092
7 , 794
4 , 991
3 , 901
8 , 1164
1 , 690
7 , 363
6 , 735
6 , 399
5 , 598
3 , 1005
6 , 968
5 , 952
1 , 1033
1 , 1107
6 , 1177
8 , 768
5 , 654
8 , 522
5 , 514
7 , 848
5 , 937
4 , 1157
1 , 596
5 , 1217
3 , 642
7 , 1148
4 , 1254
5 , 583
1 , 305
3 , 841
3 , 693
2 , 610
4 , 1172
5 , 707
8 , 623
4 , 695
1 , 866
6 , 684
7 , 1213
6 , 461
1 , 1280
2 , 1271
7 , 1161
7 , 1274
3 , 348
5 , 753
2 , 529
4 , 1192
7 , 300
5 , 1193
4 , 555
1 , 935
7 , 545
4 , 688
8 , 325
6 , 1067
6 , 1210
3 , 591
5 , 996
3 , 1290
1 , 786
4 , 837
4 , 1211
6 , 821
8 , 381
7 , 534
2 , 707
6 , 1163
5 , 892
4 , 463
2 , 453
3 , 626
8 , 320
3 , 1135
5 , 888
3 , 1112
3 , 625
6 , 793
5 , 783
8 , 447
5 , 433
6 , 905
5 , 1254
5 , 845
4 , 372
5 , 1168
2 , 643
4 , 588
4 , 817
5 , 1084
2 , 306
5 , 831
4 , 302
1 , 868
6 , 1043
4 , 1053
6 , 453
8 , 421
4 , 1127
3 , 658
4 , 379
4 , 776
7 , 426
6 , 437
4 , 893
2 , 400
8 , 1170
8 , 582
1 , 659
3 , 1009
8 , 922
7 , 984
8 , 473
6 , 886
2 , 1124
2 , 904
8 , 1176
2 , 625
3 , 850
7 , 649
8 , 1036
2 , 394
7 , 1084
1 , 482
8 , 879
4 , 898
2 , 357
3 , 628
8 , 740
3 , 1236
1 , 511
5 , 467
8 , 1273
5 , 445
4 , 958
7 , 318
3 , 595
1 , 652
8 , 1141
7 , 875
5 , 429
6 , 625
4 , 460
6 , 1070
1 , 1219
3 , 516
4 , 898
8 , 574
5 , 879
5 , 747
6 , 1214
3 , 1284
3 , 1230
1 , 1293
4 , 875
1 , 1195
1 , 746
5 , 543
7 , 525
6 , 1210
2 , 371
7 , 632
7 , 513
7 , 894
1 , 326
2 , 681
6 , 511
6 , 507
7 , 706
1 , 917
6 , 773
2 , 337
8 , 385
2 , 529
8 , 946
4 , 812
7 , 917
5 , 688
7 , 1102
7 , 1274
6 , 675
4 , 774
4 , 1077
2 , 381
8 , 885
3 , 816
3 , 863
2 , 629
2 , 486
7 , 964
2 , 349
1 , 1203
3 , 320
4 , 500
7 , 925
7 , 303
1 , 534
6 , 1239
4 , 1162
5 , 846
1 , 723
7 , 1158
3 , 1267
5 , 1287
3 , 750
4 , 639
5 , 479
3 , 1170
8 , 537
8 , 1026
7 , 897
2 , 866
8 , 1211
3 , 494
6 , 530
5 , 1225
6 , 454
1 , 1292
3 , 624
4 , 928
7 , 1283
8 , 630
3 , 1213
2 , 366
7 , 1276
1 , 664
6 , 1173
3 , 409
1 , 440
8 , 562
4 , 696
4 , 676
7 , 623
1 , 676
8 , 1000
5 , 426
4 , 975
1 , 497
5 , 661
8 , 742
2 , 355
7 , 1211
2 , 741
5 , 717
6 , 975
8 , 604
8 , 519
2 , 978
7 , 701
7 , 842
6 , 711
5 , 436
7 , 1128
7 , 679
7 , 1249
6 , 827
6 , 632
7 , 938
6 , 462
8 , 358
7 , 387
4 , 913
3 , 696
4 , 500
6 , 998
7 , 903
6 , 766
4 , 1199
8 , 1077
7 , 785
8 , 1104
5 , 384
1 , 455
3 , 913
6 , 429
8 , 807
1 , 686
2 , 526
7 , 416
4 , 936
7 , 525
8 , 927
5 , 982
8 , 639
5 , 809
1 , 839
2 , 840
8 , 805
8 , 349
7 , 665
3 , 794
1 , 399
1 , 997
6 , 667
7 , 1108
4 , 632
3 , 1246
1 , 378
5 , 491
2 , 1092
5 , 541
4 , 666
6 , 958
8 , 1129
4 , 642
3 , 890
5 , 1070
2 , 720
5 , 1018
4 , 934
8 , 794
7 , 1213
1 , 930
8 , 1073
6 , 708
6 , 822
2 , 549
1 , 786
4 , 763
4 , 619
6 , 1161
6 , 645
1 , 602
7 , 752
5 , 1205
7 , 551
1 , 1056
5 , 492
4 , 807
6 , 860
4 , 1183
3 , 920
5 , 326
4 , 1043
3 , 1074
7 , 1299
5 , 975
2 , 1272
2 , 1115
1 , 1002
1 , 514
2 , 1124
3 , 770
2 , 713
2 , 634
7 , 1249
2 , 1060
2 , 353
4 , 680
6 , 929
4 , 863
5 , 795
8 , 329
4 , 868
5 , 543
7 , 569
2 , 876
6 , 783
7 , 762
2 , 379
6 , 1171
5 , 666
8 , 1250
5 , 1070
3 , 869
8 , 1137
5 , 1032
5 , 1023
2 , 451
5 , 906
3 , 566
4 , 855
3 , 620
8 , 892
8 , 1236
1 , 1232
8 , 352
3 , 442
3 , 370
2 , 337
8 , 964
3 , 424
5 , 1211
8 , 810
7 , 791
5 , 757
7 , 995
5 , 604
8 , 703
2 , 450
4 , 573
3 , 502
6 , 681
2 , 684
4 , 1262
6 , 1095
3 , 1299
8 , 1027
7 , 418
6 , 1273
3 , 1005
7 , 372
1 , 446
1 , 1067
7 , 925
7 , 893
3 , 652
5 , 1228
6 , 1145
1 , 1189
8 , 737
5 , 437
5 , 903
1 , 999
2 , 753
1 , 335
7 , 1106
4 , 562
1 , 1136
7 , 506
6 , 952
1 , 364
5 , 600
1 , 390
2 , 956
4 , 956
6 , 963
2 , 1181
3 , 958
5 , 343
8 , 1256
8 , 1274
3 , 486
5 , 367
7 , 1270
2 , 488
7 , 429
5 , 927
6 , 896
6 , 578
5 , 348
7 , 349
8 , 380
3 , 333
3 , 1163
5 , 853
4 , 455
8 , 1234
7 , 416
2 , 368
7 , 630
1 , 361
5 , 1160
1 , 541
1 , 761
1 , 360
6 , 1106
6 , 1224
7 , 692
6 , 1276
8 , 685
3 , 1078
6 , 709
1 , 1239
6 , 717
8 , 616
5 , 1268
2 , 860
5 , 421
2 , 585
7 , 973
2 , 743
1 , 459
8 , 1018
8 , 976
8 , 810
6 , 877
1 , 1254
3 , 1005
6 , 868
3 , 905
5 , 874
6 , 1265
7 , 701
7 , 588
7 , 320
2 , 1036
8 , 1093
8 , 482
1 , 1098
3 , 1211
5 , 571
1 , 600
3 , 830
6 , 1123
3 , 484
5 , 1282
7 , 301
4 , 545
4 , 685
6 , 1093
6 , 498
2 , 520
1 , 428
3 , 508
7 , 912
8 , 1238
5 , 611
8 , 1114
2 , 600
6 , 592
5 , 718
3 , 895
4 , 874
1 , 474
8 , 377
1 , 369
4 , 1149
2 , 1271
3 , 344
4 , 908
1 , 302
4 , 544
2 , 790
3 , 1159
7 , 348
8 , 927
3 , 1077
7 , 537
8 , 1066
5 , 315
4 , 1032
5 , 1122
6 , 377
3 , 563
2 , 977
1 , 782
1 , 423
7 , 349
6 , 789
5 , 407
2 , 711
7 , 655
6 , 960
1 , 544
3 , 304
4 , 1273
1 , 347
5 , 322
6 , 594
6 , 1250
4 , 809
1 , 655
1 , 515
6 , 897
1 , 965
2 , 893
6 , 443
5 , 1270
5 , 1192
7 , 882
2 , 478
5 , 637
2 , 1004
8 , 354
7 , 1297
6 , 621
3 , 441
6 , 1143
5 , 734
1 , 360
4 , 1149
6 , 828
2 , 1253
3 , 449
7 , 717
4 , 395
4 , 939
1 , 472
8 , 444
4 , 993
6 , 884
8 , 1003
6 , 696
3 , 734
7 , 639
7 , 581
5 , 800
3 , 1185
6 , 312
3 , 303
6 , 1066
3 , 324
6 , 1183
6 , 753
4 , 1076
3 , 1172
1 , 1165
8 , 737
6 , 774
8 , 743
6 , 1018
6 , 1005
3 , 1187
8 , 1027
4 , 925
4 , 981
8 , 1129
2 , 801
1 , 906
3 , 743
7 , 1104
4 , 394
7 , 543
5 , 935
6 , 1055
8 , 1182
2 , 456
4 , 695
4 , 830
4 , 946
5 , 1154
8 , 551
4 , 1037
1 , 400
8 , 710
8 , 730
8 , 511
5 , 889
7 , 708
1 , 823
5 , 955
6 , 641
4 , 644
2 , 858
4 , 864
6 , 331
3 , 1184
3 , 1105
6 , 1039
2 , 969
6 , 1101
4 , 368
5 , 627
2 , 1118
1 , 886
6 , 904
2 , 398
2 , 1057
3 , 686
4 , 617
7 , 1172
5 , 1020
6 , 635
7 , 734
3 , 1083
8 , 1227
1 , 1206
5 , 600
3 , 657
7 , 622
8 , 463
7 , 1189
6 , 875
7 , 1004
3 , 965
6 , 564
3 , 374
2 , 651
2 , 1163
2 , 1135
7 , 893
3 , 587
4 , 410
4 , 385
5 , 710
8 , 1063
6 , 337
5 , 487
6 , 950
4 , 1227
5 , 916
8 , 858
3 , 828
6 , 1103
8 , 346
7 , 394
8 , 1053
6 , 1143
8 , 1268
1 , 335
3 , 340
8 , 604
6 , 1103
4 , 342
7 , 386
2 , 774
7 , 1165
1 , 397
2 , 945
5 , 789
4 , 1191
8 , 335
5 , 616
7 , 511
5 , 810
8 , 667
7 , 698
8 , 632
2 , 1166
7 , 659
1 , 348
2 , 306
2 , 1221
8 , 310
7 , 656
4 , 1262
8 , 1086
6 , 543
7 , 527
7 , 1039
2 , 353
3 , 1292
4 , 429
5 , 305
4 , 350
5 , 951
3 , 1202
2 , 1015
8 , 413
7 , 1042
6 , 1229
1 , 1016
5 , 353
8 , 470
1 , 1065
6 , 1021
4 , 667
2 , 922
1 , 1041
4 , 495
1 , 996
7 , 894
7 , 1156
7 , 1073
2 , 392
4 , 1090
6 , 1223
3 , 389
1 , 469
5 , 908
7 , 821
3 , 405
2 , 399
1 , 389
2 , 1007
6 , 1285
4 , 783
4 , 653
4 , 893
8 , 960
6 , 646
3 , 359
7 , 960
5 , 898
6 , 1060
8 , 416
3 , 541
6 , 823
5 , 1249
5 , 481
2 , 549
7 , 712
6 , 398
7 , 724
4 , 897
6 , 1029
8 , 539
5 , 865
5 , 588
5 , 733
2 , 1023
6 , 335
5 , 423
7 , 308
1 , 1174
7 , 733
5 , 360
7 , 861
7 , 616
2 , 854
2 , 426
4 , 508
7 , 723
7 , 1270
8 , 942
4 , 764
6 , 605
4 , 685
5 , 709
2 , 504
5 , 587
7 , 412
5 , 1136
2 , 1158
1 , 662
5 , 1069
2 , 347
2 , 859
7 , 755
2 , 834
2 , 584
7 , 466
6 , 1150
8 , 669
4 , 1245
7 , 547
1 , 864
8 , 1232
1 , 1036
8 , 556
4 , 855
2 , 944
4 , 654
4 , 725
3 , 384
8 , 559
1 , 314
3 , 610
1 , 1277
8 , 1127
3 , 1257
4 , 1159
2 , 438
8 , 925
4 , 586
2 , 330
3 , 910
3 , 449
6 , 1177
7 , 427
2 , 890
3 , 981
5 , 816
8 , 1120
7 , 1027
8 , 420
5 , 726
4 , 1210
6 , 1127
8 , 444
2 , 421
7 , 959
4 , 500
1 , 700
6 , 739
8 , 690
6 , 918
8 , 1285
7 , 1067
6 , 1280
7 , 456
6 , 830
8 , 1084
1 , 800
4 , 980
5 , 377
2 , 1118
1 , 536
3 , 549
6 , 747
1 , 1168
6 , 721
7 , 912
7 , 625
4 , 1215
2 , 877
8 , 410
5 , 306
8 , 552
3 , 1158
5 , 802
8 , 385
1 , 676
3 , 342
2 , 611
2 , 317
4 , 330
7 , 670
4 , 848
8 , 1026
8 , 1004
1 , 890
8 , 1064
6 , 362
1 , 755
1 , 1249
7 , 860
3 , 1282
1 , 360
2 , 565
4 , 814
3 , 555
2 , 724
2 , 840
5 , 324
3 , 791
1 , 1222
2 , 547
7 , 330
6 , 355
7 , 1234
5 , 1096
7 , 394
3 , 434
4 , 1103
8 , 1178
7 , 1037
6 , 867
2 , 762
4 , 1137
7 , 377
1 , 1219
1 , 709
7 , 690
1 , 1128
6 , 578
3 , 805
3 , 1260
1 , 856
7 , 407
1 , 849
2 , 682
7 , 771
6 , 1099
6 , 1060
5 , 424
6 , 616
4 , 1193
6 , 861
5 , 1169
6 , 733
4 , 1155
4 , 577
8 , 543
3 , 1265
7 , 1198
3 , 635
1 , 1100
7 , 1233
8 , 744
6 , 1239
1 , 886
8 , 1263
1 , 337
5 , 416
3 , 918
6 , 410
2 , 492
4 , 1293
4 , 873
7 , 437
8 , 773
2 , 755
2 , 635
5 , 877
4 , 437
5 , 647
5 , 776
7 , 504
2 , 487
1 , 423
6 , 873
2 , 930
7 , 1273
8 , 1205
3 , 882
4 , 1022
8 , 872
2 , 332
4 , 922
2 , 339
8 , 1130
3 , 783
3 , 349
8 , 823
5 , 1011
7 , 1045
6 , 532
8 , 1055
6 , 651
5 , 403
6 , 707
2 , 640
4 , 359
5 , 891
2 , 986
7 , 740
5 , 316
5 , 474
2 , 967
2 , 657
4 , 995
7 , 668
8 , 1130
4 , 784
6 , 435
5 , 766
8 , 769
7 , 878
1 , 1182
2 , 861
1 , 1099
3 , 736
1 , 930
3 , 885
2 , 311
8 , 680
4 , 697
5 , 638
4 , 523
8 , 1060
8 , 767
3 , 906
1 , 1036
1 , 1117
4 , 654
3 , 839
2 , 1032
1 , 973
3 , 590
4 , 664
7 , 854
1 , 661
8 , 1145
4 , 1183
5 , 526
4 , 1079
6 , 874
2 , 930
7 , 1222
8 , 933
5 , 477
6 , 1081
7 , 505
8 , 924
8 , 366
5 , 1097
5 , 737
7 , 927
3 , 862
7 , 1002
5 , 1158
3 , 1134
1 , 1167
1 , 746
6 , 563
1 , 717
1 , 609
8 , 1002
3 , 306
8 , 309
1 , 319
8 , 696
1 , 969
8 , 390
8 , 1186
2 , 672
1 , 575
7 , 828
7 , 322
7 , 936
6 , 1058
6 , 729
4 , 904
5 , 881
3 , 1111
8 , 686
7 , 1050
7 , 939
4 , 458
2 , 655
5 , 822
8 , 792
6 , 585
5 , 944
4 , 646
1 , 596
2 , 985
6 , 824
3 , 509
3 , 904
5 , 701
8 , 503
8 , 777
3 , 574
4 , 575
6 , 683
7 , 1008
4 , 599
2 , 547
8 , 952
3 , 875
5 , 703
6 , 326
8 , 555
4 , 1037
4 , 556
3 , 854
4 , 941
1 , 657
5 , 319
1 , 1197
4 , 1082
7 , 578
3 , 1251
7 , 1029
5 , 772
2 , 1204
4 , 570
3 , 806
6 , 466
5 , 388
7 , 386
4 , 1237
1 , 327
7 , 648
7 , 578
6 , 749
6 , 503
1 , 1147
4 , 906
1 , 411
7 , 533
8 , 957
8 , 1246
4 , 1032
1 , 411
6 , 890
7 , 468
8 , 578
4 , 473
3 , 541
4 , 875
4 , 1164
4 , 1071
8 , 586
2 , 588
6 , 459
2 , 1064
1 , 1029
7 , 631
6 , 1178
4 , 1286
5 , 645
3 , 1295
8 , 1001
1 , 901
8 , 1272
1 , 1286
5 , 607
6 , 848
2 , 1138
5 , 994
6 , 361
4 , 465
7 , 1173
1 , 1256
1 , 1295
7 , 872
5 , 1101
1 , 615
7 , 388
5 , 1097
5 , 1097
8 , 549
1 , 896
6 , 702
3 , 637
1 , 435
7 , 559
5 , 545
6 , 1153
2 , 537
1 , 1147
2 , 841
1 , 1029
1 , 1155
3 , 425
5 , 882
3 , 440
8 , 1030
1 , 632
5 , 1175
6 , 1233
3 , 424
1 , 963
2 , 977
5 , 1222
3 , 1016
2 , 728
2 , 422
6 , 766
2 , 331
8 , 1281
7 , 517
2 , 449
4 , 1214
3 , 1084
6 , 1155
6 , 451
4 , 913
7 , 1000
4 , 334
7 , 561
8 , 396
2 , 660
3 , 1203
3 , 847
7 , 421
1 , 1200
3 , 1006
3 , 1290
5 , 1184
7 , 709
4 , 495
1 , 371
1 , 1027
4 , 1103
2 , 1046
2 , 1164
3 , 406
2 , 712
2 , 1055
8 , 596
6 , 843
5 , 515
2 , 898
6 , 1169
3 , 631
7 , 1226
7 , 843
6 , 987
7 , 420
3 , 1035
3 , 1207
1 , 360
7 , 829
1 , 675
5 , 787
8 , 461
8 , 1168
2 , 580
3 , 586
7 , 953
3 , 784
4 , 1148
4 , 1228
8 , 301
1 , 678
2 , 567
6 , 341
8 , 599
3 , 804
4 , 506
8 , 998
1 , 322
7 , 749
8 , 1037
8 , 809
7 , 357
2 , 973
3 , 673
2 , 741
7 , 949
4 , 1115
5 , 757
1 , 896
5 , 1078
